Time,URL,Error
2025-05-11 13:21:51,thirdlove.com,Command 'ruby bin/wayback_machine_downloader http://thirdlove.com -sl -f 2009 --concurrency 20' returned non-zero exit status 1.
2025-05-11 13:22:33,chefsplate.com,Command 'ruby bin/wayback_machine_downloader http://chefsplate.com -sl -f 2009 --concurrency 20' returned non-zero exit status 1.
2025-05-11 13:32:45,aquasuperstore.com,Command 'ruby bin/wayback_machine_downloader http://aquasuperstore.com -sl -f 2009 --concurrency 20' returned non-zero exit status 1.
2025-05-11 13:38:19,eastwood.com,Command 'ruby bin/wayback_machine_downloader http://eastwood.com -sl -f 2009 --concurrency 20' returned non-zero exit status 1.
2025-05-11 13:38:38,lunacycle.com,Command 'ruby bin/wayback_machine_downloader http://lunacycle.com -sl -f 2009 --concurrency 20' returned non-zero exit status 1.
2025-05-11 13:40:38,sears.com,Command 'ruby bin/wayback_machine_downloader http://sears.com -sl -f 2009 --concurrency 20' returned non-zero exit status 1.
2025-05-11 13:52:12,tooltopia.com,Command 'ruby bin/wayback_machine_downloader http://tooltopia.com -sl -f 2009 --concurrency 20' returned non-zero exit status 1.
2025-05-11 13:54:29,neebo.com,Command 'ruby bin/wayback_machine_downloader http://neebo.com -sl -f 2009 --concurrency 20' returned non-zero exit status 1.
2025-05-11 13:57:28,shopadidas.com,Command 'ruby bin/wayback_machine_downloader http://shopadidas.com -sl -f 2009 --concurrency 20' returned non-zero exit status 1.
2025-05-11 14:00:54,bambeco.com,Command 'ruby bin/wayback_machine_downloader http://bambeco.com -sl -f 2009 --concurrency 20' returned non-zero exit status 1.
2025-05-11 14:05:34,warbyparker.com,Command 'ruby bin/wayback_machine_downloader http://warbyparker.com -sl -f 2009 --concurrency 20' returned non-zero exit status 1.
2025-05-11 14:07:02,govbergwatches.com,Command 'ruby bin/wayback_machine_downloader http://govbergwatches.com -sl -f 2009 --concurrency 20' returned non-zero exit status 1.
2025-05-11 14:14:13,baudville.com,Command 'ruby bin/wayback_machine_downloader http://baudville.com -sl -f 2009 --concurrency 20' returned non-zero exit status 1.
2025-05-11 14:15:20,doortodoororganics.com,Command 'ruby bin/wayback_machine_downloader http://doortodoororganics.com -sl -f 2009 --concurrency 20' returned non-zero exit status 1.
2025-05-11 14:42:40,shop.symantecstore.com,Command 'ruby bin/wayback_machine_downloader http://shop.symantecstore.com -sl -f 2009 --concurrency 20' returned non-zero exit status 1.
2025-05-11 14:45:36,hobobags.com,Command 'ruby bin/wayback_machine_downloader http://hobobags.com -sl -f 2009 --concurrency 20' returned non-zero exit status 1.
2025-05-11 14:48:15,gothamcigars.com,Command 'ruby bin/wayback_machine_downloader http://gothamcigars.com -sl -f 2009 --concurrency 20' returned non-zero exit status 1.
2025-05-11 14:48:42,uplanders.com,Command 'ruby bin/wayback_machine_downloader http://uplanders.com -sl -f 2009 --concurrency 20' returned non-zero exit status 1.
2025-05-11 14:48:44,cigarsinternational.com,Command 'ruby bin/wayback_machine_downloader http://cigarsinternational.com -sl -f 2009 --concurrency 20' returned non-zero exit status 1.
2025-05-11 14:52:39,parentgiving.com,Command 'ruby bin/wayback_machine_downloader http://parentgiving.com -sl -f 2009 --concurrency 20' returned non-zero exit status 1.
2025-05-11 14:59:23,searsoutlet.com,Command 'ruby bin/wayback_machine_downloader http://searsoutlet.com -sl -f 2009 --concurrency 20' returned non-zero exit status 1.
2025-05-11 15:03:26,origamiowl.com,Command 'ruby bin/wayback_machine_downloader http://origamiowl.com -sl -f 2009 --concurrency 20' returned non-zero exit status 1.
2025-05-11 15:06:55,shop.hodinkee.com,Command 'ruby bin/wayback_machine_downloader http://shop.hodinkee.com -sl -f 2009 --concurrency 20' returned non-zero exit status 1.
2025-05-11 15:09:46,seejanework.com,Command 'ruby bin/wayback_machine_downloader http://seejanework.com -sl -f 2009 --concurrency 20' returned non-zero exit status 1.
2025-05-11 15:11:32,fashionplaytes.com,Command 'ruby bin/wayback_machine_downloader http://fashionplaytes.com -sl -f 2009 --concurrency 20' returned non-zero exit status 1.
2025-05-11 15:12:30,luxurydivas.com,Command 'ruby bin/wayback_machine_downloader http://luxurydivas.com -sl -f 2009 --concurrency 20' returned non-zero exit status 1.
2025-05-11 15:14:43,tupperware.com,Command 'ruby bin/wayback_machine_downloader http://tupperware.com -sl -f 2009 --concurrency 20' returned non-zero exit status 1.
2025-05-11 15:18:25,govx.com,Command 'ruby bin/wayback_machine_downloader http://govx.com -sl -f 2009 --concurrency 20' returned non-zero exit status 1.
2025-05-11 15:22:21,shopbecker.com,Command 'ruby bin/wayback_machine_downloader http://shopbecker.com -sl -f 2009 --concurrency 20' returned non-zero exit status 1.
2025-05-11 15:23:14,shethinx.com,Command 'ruby bin/wayback_machine_downloader http://shethinx.com -sl -f 2009 --concurrency 20' returned non-zero exit status 1.
2025-05-11 15:26:43,honest.com,Command 'ruby bin/wayback_machine_downloader http://honest.com -sl -f 2009 --concurrency 20' returned non-zero exit status 1.
2025-05-11 15:28:06,windupwatchshop.com,Command 'ruby bin/wayback_machine_downloader http://windupwatchshop.com -sl -f 2009 --concurrency 20' returned non-zero exit status 1.
2025-05-11 15:31:55,baseballrampage.com,Command 'ruby bin/wayback_machine_downloader http://baseballrampage.com -sl -f 2009 --concurrency 20' returned non-zero exit status 1.
2025-05-11 15:32:44,store.snapon.com,Command 'ruby bin/wayback_machine_downloader http://store.snapon.com -sl -f 2009 --concurrency 20' returned non-zero exit status 1.
2025-05-11 15:32:50,schoolspeciality.com,Command 'ruby bin/wayback_machine_downloader http://schoolspeciality.com -sl -f 2009 --concurrency 20' returned non-zero exit status 1.
2025-05-11 15:34:28,donaldjpliner.com,Command 'ruby bin/wayback_machine_downloader http://donaldjpliner.com -sl -f 2009 --concurrency 20' returned non-zero exit status 1.
2025-05-11 15:34:53,surfboard.com,Command 'ruby bin/wayback_machine_downloader http://surfboard.com -sl -f 2009 --concurrency 20' returned non-zero exit status 1.
2025-05-11 15:35:26,harvestright.com,Command 'ruby bin/wayback_machine_downloader http://harvestright.com -sl -f 2009 --concurrency 20' returned non-zero exit status 1.
2025-05-11 15:36:15,chocoley.com,Command 'ruby bin/wayback_machine_downloader http://chocoley.com -sl -f 2009 --concurrency 20' returned non-zero exit status 1.
2025-05-11 15:37:33,rkguns.com,Command 'ruby bin/wayback_machine_downloader http://rkguns.com -sl -f 2009 --concurrency 20' returned non-zero exit status 1.
2025-05-11 15:38:24,thegardengates.com,Command 'ruby bin/wayback_machine_downloader http://thegardengates.com -sl -f 2009 --concurrency 20' returned non-zero exit status 1.
2025-05-11 15:49:14,buy.norton.com,Command 'ruby bin/wayback_machine_downloader http://buy.norton.com -sl -f 2009 --concurrency 20' returned non-zero exit status 1.
2025-05-11 15:59:19,chefknivestogo.com,Command 'ruby bin/wayback_machine_downloader http://chefknivestogo.com -sl -f 2009 --concurrency 20' returned non-zero exit status 1.
2025-05-11 16:00:17,bargainstation.com,Command 'ruby bin/wayback_machine_downloader http://bargainstation.com -sl -f 2009 --concurrency 20' returned non-zero exit status 1.
2025-05-11 16:00:35,minisuit.com,Command 'ruby bin/wayback_machine_downloader http://minisuit.com -sl -f 2009 --concurrency 20' returned non-zero exit status 1.
2025-05-11 16:02:03,boxed.com,Command 'ruby bin/wayback_machine_downloader http://boxed.com -sl -f 2009 --concurrency 20' returned non-zero exit status 1.
2025-05-11 16:06:11,crownandcaliber.com,Command 'ruby bin/wayback_machine_downloader http://crownandcaliber.com -sl -f 2009 --concurrency 20' returned non-zero exit status 1.
2025-05-11 16:14:16,turntablelab.com,Command 'ruby bin/wayback_machine_downloader http://turntablelab.com -sl -f 2009 --concurrency 20' returned non-zero exit status 1.
2025-05-11 16:18:58,thertastore.com,Command 'ruby bin/wayback_machine_downloader http://thertastore.com -sl -f 2009 --concurrency 20' returned non-zero exit status 1.
2025-05-11 16:23:23,filters-now.com,Command 'ruby bin/wayback_machine_downloader http://filters-now.com -sl -f 2009 --concurrency 20' returned non-zero exit status 1.
2025-05-11 16:27:57,onlinebootstore.com,Command 'ruby bin/wayback_machine_downloader http://onlinebootstore.com -sl -f 2009 --concurrency 20' returned non-zero exit status 1.
2025-05-11 16:28:54,coinsforanything.com,Command 'ruby bin/wayback_machine_downloader http://coinsforanything.com -sl -f 2009 --concurrency 20' returned non-zero exit status 1.
2025-05-11 16:36:50,brentwoodhome.com,Command 'ruby bin/wayback_machine_downloader http://brentwoodhome.com -sl -f 2009 --concurrency 20' returned non-zero exit status 1.
2025-05-11 16:48:52,titlenine.com,Command 'ruby bin/wayback_machine_downloader http://titlenine.com -sl -f 2009 --concurrency 20' returned non-zero exit status 1.
2025-05-11 16:48:52,dollarshaveclub.com,Command 'ruby bin/wayback_machine_downloader http://dollarshaveclub.com -sl -f 2009 --concurrency 20' returned non-zero exit status 1.
2025-05-11 16:48:53,barebonesworkwear.com,Command 'ruby bin/wayback_machine_downloader http://barebonesworkwear.com -sl -f 2009 --concurrency 20' returned non-zero exit status 1.
2025-05-11 16:48:53,championsondisplay.com,Command 'ruby bin/wayback_machine_downloader http://championsondisplay.com -sl -f 2009 --concurrency 20' returned non-zero exit status 1.
2025-05-11 16:48:54,queensboro.com,Command 'ruby bin/wayback_machine_downloader http://queensboro.com -sl -f 2009 --concurrency 20' returned non-zero exit status 1.
2025-05-11 16:48:54,39dollarglasses.com,Command 'ruby bin/wayback_machine_downloader http://39dollarglasses.com -sl -f 2009 --concurrency 20' returned non-zero exit status 1.
2025-05-11 16:48:55,marketamerica.com,Command 'ruby bin/wayback_machine_downloader http://marketamerica.com -sl -f 2009 --concurrency 20' returned non-zero exit status 1.
2025-05-11 16:48:55,blueapron.com,Command 'ruby bin/wayback_machine_downloader http://blueapron.com -sl -f 2009 --concurrency 20' returned non-zero exit status 1.
2025-05-11 16:48:56,discountelectronics.com,Command 'ruby bin/wayback_machine_downloader http://discountelectronics.com -sl -f 2009 --concurrency 20' returned non-zero exit status 1.
2025-05-11 16:48:56,longislandwatch.com,Command 'ruby bin/wayback_machine_downloader http://longislandwatch.com -sl -f 2009 --concurrency 20' returned non-zero exit status 1.
2025-05-11 16:48:56,brooklinen.com,Command 'ruby bin/wayback_machine_downloader http://brooklinen.com -sl -f 2009 --concurrency 20' returned non-zero exit status 1.
2025-05-11 16:48:57,wisteria.com,Command 'ruby bin/wayback_machine_downloader http://wisteria.com -sl -f 2009 --concurrency 20' returned non-zero exit status 1.
2025-05-11 16:48:57,bisonoffice.com,Command 'ruby bin/wayback_machine_downloader http://bisonoffice.com -sl -f 2009 --concurrency 20' returned non-zero exit status 1.
2025-05-11 16:48:58,betabrand.com,Command 'ruby bin/wayback_machine_downloader http://betabrand.com -sl -f 2009 --concurrency 20' returned non-zero exit status 1.
2025-05-11 16:48:58,andrewchristian.com,Command 'ruby bin/wayback_machine_downloader http://andrewchristian.com -sl -f 2009 --concurrency 20' returned non-zero exit status 1.
2025-05-11 16:48:59,fragrantjewels.com,Command 'ruby bin/wayback_machine_downloader http://fragrantjewels.com -sl -f 2009 --concurrency 20' returned non-zero exit status 1.
2025-05-11 16:48:59,thecubicle.us,Command 'ruby bin/wayback_machine_downloader http://thecubicle.us -sl -f 2009 --concurrency 20' returned non-zero exit status 1.
2025-05-11 16:49:00,reitmans.ca,Command 'ruby bin/wayback_machine_downloader http://reitmans.ca -sl -f 2009 --concurrency 20' returned non-zero exit status 1.
2025-05-11 16:49:00,autohausaz.com,Command 'ruby bin/wayback_machine_downloader http://autohausaz.com -sl -f 2009 --concurrency 20' returned non-zero exit status 1.
2025-05-11 16:49:01,outdoorresearch.com,Command 'ruby bin/wayback_machine_downloader http://outdoorresearch.com -sl -f 2009 --concurrency 20' returned non-zero exit status 1.
2025-05-11 16:49:01,radpowerbikes.com,Command 'ruby bin/wayback_machine_downloader http://radpowerbikes.com -sl -f 2009 --concurrency 20' returned non-zero exit status 1.
2025-05-11 16:49:02,mint.ca,Command 'ruby bin/wayback_machine_downloader http://mint.ca -sl -f 2009 --concurrency 20' returned non-zero exit status 1.
2025-05-11 16:49:03,canadagoose.com,Command 'ruby bin/wayback_machine_downloader http://canadagoose.com -sl -f 2009 --concurrency 20' returned non-zero exit status 1.
2025-05-11 16:49:03,heartratemonitorsusa.com,Command 'ruby bin/wayback_machine_downloader http://heartratemonitorsusa.com -sl -f 2009 --concurrency 20' returned non-zero exit status 1.
2025-05-11 16:49:03,zoostores.com,Command 'ruby bin/wayback_machine_downloader http://zoostores.com -sl -f 2009 --concurrency 20' returned non-zero exit status 1.
2025-05-11 16:49:04,oka-b.com,Command 'ruby bin/wayback_machine_downloader http://oka-b.com -sl -f 2009 --concurrency 20' returned non-zero exit status 1.
2025-05-11 16:49:04,thewatchery.com,Command 'ruby bin/wayback_machine_downloader http://thewatchery.com -sl -f 2009 --concurrency 20' returned non-zero exit status 1.
2025-05-11 16:49:05,sportsworldchicago.com,Command 'ruby bin/wayback_machine_downloader http://sportsworldchicago.com -sl -f 2009 --concurrency 20' returned non-zero exit status 1.
2025-05-11 16:49:06,victoriassecret.com,Command 'ruby bin/wayback_machine_downloader http://victoriassecret.com -sl -f 2009 --concurrency 20' returned non-zero exit status 1.
2025-05-11 16:49:07,buydbest.com,Command 'ruby bin/wayback_machine_downloader http://buydbest.com -sl -f 2009 --concurrency 20' returned non-zero exit status 1.
2025-05-11 16:49:07,mypillow.com,Command 'ruby bin/wayback_machine_downloader http://mypillow.com -sl -f 2009 --concurrency 20' returned non-zero exit status 1.
2025-05-11 16:49:11,mybobs.com,Command 'ruby bin/wayback_machine_downloader http://mybobs.com -sl -f 2009 --concurrency 20' returned non-zero exit status 1.
2025-05-11 16:49:16,putmeinthestory.com,Command 'ruby bin/wayback_machine_downloader http://putmeinthestory.com -sl -f 2009 --concurrency 20' returned non-zero exit status 1.
2025-05-11 16:49:47,muttropolis.com,Command 'ruby bin/wayback_machine_downloader http://muttropolis.com -sl -f 2009 --concurrency 20' returned non-zero exit status 1.
2025-05-11 16:49:48,findtape.com,Command 'ruby bin/wayback_machine_downloader http://findtape.com -sl -f 2009 --concurrency 20' returned non-zero exit status 1.
2025-05-11 16:49:48,wayfair.com,Command 'ruby bin/wayback_machine_downloader http://wayfair.com -sl -f 2009 --concurrency 20' returned non-zero exit status 1.
2025-05-11 16:50:03,tiptoeturtle.com,Command 'ruby bin/wayback_machine_downloader http://tiptoeturtle.com -sl -f 2009 --concurrency 20' returned non-zero exit status 1.
2025-05-11 16:50:10,ozbo.com,Command 'ruby bin/wayback_machine_downloader http://ozbo.com -sl -f 2009 --concurrency 20' returned non-zero exit status 1.
2025-05-11 16:50:22,gardenfun.com,Command 'ruby bin/wayback_machine_downloader http://gardenfun.com -sl -f 2009 --concurrency 20' returned non-zero exit status 1.
2025-05-11 16:50:22,officeworld.com,Command 'ruby bin/wayback_machine_downloader http://officeworld.com -sl -f 2009 --concurrency 20' returned non-zero exit status 1.
2025-05-11 16:50:22,crutchfield.com,Command 'ruby bin/wayback_machine_downloader http://crutchfield.com -sl -f 2009 --concurrency 20' returned non-zero exit status 1.
2025-05-11 16:50:23,fastoolnow.com,Command 'ruby bin/wayback_machine_downloader http://fastoolnow.com -sl -f 2009 --concurrency 20' returned non-zero exit status 1.
2025-05-11 16:50:23,americanapparel.com,Command 'ruby bin/wayback_machine_downloader http://americanapparel.com -sl -f 2009 --concurrency 20' returned non-zero exit status 1.
2025-05-11 16:50:24,kontrolfreek.com,Command 'ruby bin/wayback_machine_downloader http://kontrolfreek.com -sl -f 2009 --concurrency 20' returned non-zero exit status 1.
2025-05-11 16:50:24,shop.theknot.com,Command 'ruby bin/wayback_machine_downloader http://shop.theknot.com -sl -f 2009 --concurrency 20' returned non-zero exit status 1.
2025-05-11 16:50:25,nectarflowers.com,Command 'ruby bin/wayback_machine_downloader http://nectarflowers.com -sl -f 2009 --concurrency 20' returned non-zero exit status 1.
2025-05-11 16:50:30,foodsaver.com,Command 'ruby bin/wayback_machine_downloader http://foodsaver.com -sl -f 2009 --concurrency 20' returned non-zero exit status 1.
2025-05-11 16:50:30,shopaemc.com,Command 'ruby bin/wayback_machine_downloader http://shopaemc.com -sl -f 2009 --concurrency 20' returned non-zero exit status 1.
2025-05-11 16:50:31,jeffreestarcosmetics.com,Command 'ruby bin/wayback_machine_downloader http://jeffreestarcosmetics.com -sl -f 2009 --concurrency 20' returned non-zero exit status 1.
2025-05-11 16:50:31,softchoice.com,Command 'ruby bin/wayback_machine_downloader http://softchoice.com -sl -f 2009 --concurrency 20' returned non-zero exit status 1.
2025-05-11 16:50:37,tortugabackpacks.com,Command 'ruby bin/wayback_machine_downloader http://tortugabackpacks.com -sl -f 2009 --concurrency 20' returned non-zero exit status 1.
2025-05-11 16:50:37,dia.com,Command 'ruby bin/wayback_machine_downloader http://dia.com -sl -f 2009 --concurrency 20' returned non-zero exit status 1.
2025-05-11 16:50:37,sylvane.com,Command 'ruby bin/wayback_machine_downloader http://sylvane.com -sl -f 2009 --concurrency 20' returned non-zero exit status 1.
2025-05-11 16:50:38,discountfilters.com,Command 'ruby bin/wayback_machine_downloader http://discountfilters.com -sl -f 2009 --concurrency 20' returned non-zero exit status 1.
2025-05-11 16:50:38,philips-store.com,Command 'ruby bin/wayback_machine_downloader http://philips-store.com -sl -f 2009 --concurrency 20' returned non-zero exit status 1.
2025-05-11 16:50:44,blendtec.com,Command 'ruby bin/wayback_machine_downloader http://blendtec.com -sl -f 2009 --concurrency 20' returned non-zero exit status 1.
2025-05-11 16:50:45,bkstr.com,Command 'ruby bin/wayback_machine_downloader http://bkstr.com -sl -f 2009 --concurrency 20' returned non-zero exit status 1.
2025-05-11 16:50:45,shopping.franklinplanner.com,Command 'ruby bin/wayback_machine_downloader http://shopping.franklinplanner.com -sl -f 2009 --concurrency 20' returned non-zero exit status 1.
2025-05-11 16:50:46,primestyle.com,Command 'ruby bin/wayback_machine_downloader http://primestyle.com -sl -f 2009 --concurrency 20' returned non-zero exit status 1.
2025-05-11 16:50:46,pegasuslighting.com,Command 'ruby bin/wayback_machine_downloader http://pegasuslighting.com -sl -f 2009 --concurrency 20' returned non-zero exit status 1.
2025-05-11 16:50:51,overnightprints.com,Command 'ruby bin/wayback_machine_downloader http://overnightprints.com -sl -f 2009 --concurrency 20' returned non-zero exit status 1.
2025-05-11 16:50:52,bespokepost.com,Command 'ruby bin/wayback_machine_downloader http://bespokepost.com -sl -f 2009 --concurrency 20' returned non-zero exit status 1.
2025-05-11 16:50:52,quantum-wireless.com,Command 'ruby bin/wayback_machine_downloader http://quantum-wireless.com -sl -f 2009 --concurrency 20' returned non-zero exit status 1.
2025-05-11 16:50:53,jgsales.com,Command 'ruby bin/wayback_machine_downloader http://jgsales.com -sl -f 2009 --concurrency 20' returned non-zero exit status 1.
2025-05-11 16:50:53,honeybakedonline.com,Command 'ruby bin/wayback_machine_downloader http://honeybakedonline.com -sl -f 2009 --concurrency 20' returned non-zero exit status 1.
2025-05-11 16:50:53,wowhd.co.uk,Command 'ruby bin/wayback_machine_downloader http://wowhd.co.uk -sl -f 2009 --concurrency 20' returned non-zero exit status 1.
2025-05-11 16:50:54,vat19.com,Command 'ruby bin/wayback_machine_downloader http://vat19.com -sl -f 2009 --concurrency 20' returned non-zero exit status 1.
2025-05-11 16:50:59,us.nakedwines.com,Command 'ruby bin/wayback_machine_downloader http://us.nakedwines.com -sl -f 2009 --concurrency 20' returned non-zero exit status 1.
2025-05-11 16:51:04,knotstandard.com,Command 'ruby bin/wayback_machine_downloader http://knotstandard.com -sl -f 2009 --concurrency 20' returned non-zero exit status 1.
2025-05-11 16:51:05,puravidabracelets.com,Command 'ruby bin/wayback_machine_downloader http://puravidabracelets.com -sl -f 2009 --concurrency 20' returned non-zero exit status 1.
2025-05-11 16:51:06,sportbiketrackgear.com,Command 'ruby bin/wayback_machine_downloader http://sportbiketrackgear.com -sl -f 2009 --concurrency 20' returned non-zero exit status 1.
2025-05-11 16:51:08,rothys.com,Command 'ruby bin/wayback_machine_downloader http://rothys.com -sl -f 2009 --concurrency 20' returned non-zero exit status 1.
2025-05-11 16:51:08,ziamond.com,Command 'ruby bin/wayback_machine_downloader http://ziamond.com -sl -f 2009 --concurrency 20' returned non-zero exit status 1.
2025-05-11 16:51:14,princessauto.com,Command 'ruby bin/wayback_machine_downloader http://princessauto.com -sl -f 2009 --concurrency 20' returned non-zero exit status 1.
2025-05-11 16:51:16,paylessrugs.com,Command 'ruby bin/wayback_machine_downloader http://paylessrugs.com -sl -f 2009 --concurrency 20' returned non-zero exit status 1.
2025-05-11 16:51:16,emusic.com,Command 'ruby bin/wayback_machine_downloader http://emusic.com -sl -f 2009 --concurrency 20' returned non-zero exit status 1.
2025-05-11 16:51:16,greencupboards.com,Command 'ruby bin/wayback_machine_downloader http://greencupboards.com -sl -f 2009 --concurrency 20' returned non-zero exit status 1.
2025-05-11 16:51:17,humbleabode.com,Command 'ruby bin/wayback_machine_downloader http://humbleabode.com -sl -f 2009 --concurrency 20' returned non-zero exit status 1.
2025-05-11 16:51:17,traegergrills.com,Command 'ruby bin/wayback_machine_downloader http://traegergrills.com -sl -f 2009 --concurrency 20' returned non-zero exit status 1.
2025-05-11 16:51:19,buy.garmin.com/shop,Command 'ruby bin/wayback_machine_downloader http://buy.garmin.com/shop -sl -f 2009 --concurrency 20' returned non-zero exit status 1.
2025-05-11 16:51:19,dna11.com,Command 'ruby bin/wayback_machine_downloader http://dna11.com -sl -f 2009 --concurrency 20' returned non-zero exit status 1.
2025-05-11 16:51:20,spanx.com,Command 'ruby bin/wayback_machine_downloader http://spanx.com -sl -f 2009 --concurrency 20' returned non-zero exit status 1.
2025-05-11 16:51:20,store-us.hugoboss.com,Command 'ruby bin/wayback_machine_downloader http://store-us.hugoboss.com -sl -f 2009 --concurrency 20' returned non-zero exit status 1.
2025-05-11 16:51:21,ministryofsupply.com,Command 'ruby bin/wayback_machine_downloader http://ministryofsupply.com -sl -f 2009 --concurrency 20' returned non-zero exit status 1.
2025-05-11 16:51:21,fast-growing-trees.com,Command 'ruby bin/wayback_machine_downloader http://fast-growing-trees.com -sl -f 2009 --concurrency 20' returned non-zero exit status 1.
2025-05-11 16:51:22,designerplumbingoutlet.com,Command 'ruby bin/wayback_machine_downloader http://designerplumbingoutlet.com -sl -f 2009 --concurrency 20' returned non-zero exit status 1.
2025-05-11 16:51:22,shop.turtlebeach.com,Command 'ruby bin/wayback_machine_downloader http://shop.turtlebeach.com -sl -f 2009 --concurrency 20' returned non-zero exit status 1.
2025-05-11 16:51:22,shop.wornandwound.com,Command 'ruby bin/wayback_machine_downloader http://shop.wornandwound.com -sl -f 2009 --concurrency 20' returned non-zero exit status 1.
2025-05-11 16:51:23,batteryjunction.com,Command 'ruby bin/wayback_machine_downloader http://batteryjunction.com -sl -f 2009 --concurrency 20' returned non-zero exit status 1.
2025-05-11 16:51:52,americangirl.com/shop,Command 'ruby bin/wayback_machine_downloader http://americangirl.com/shop -sl -f 2009 --concurrency 20' returned non-zero exit status 1.
2025-05-11 16:51:53,junonia.com,Command 'ruby bin/wayback_machine_downloader http://junonia.com -sl -f 2009 --concurrency 20' returned non-zero exit status 1.
2025-05-11 16:51:53,blackforestdecor.com,Command 'ruby bin/wayback_machine_downloader http://blackforestdecor.com -sl -f 2009 --concurrency 20' returned non-zero exit status 1.
2025-05-11 16:51:54,gruntstyle.com,Command 'ruby bin/wayback_machine_downloader http://gruntstyle.com -sl -f 2009 --concurrency 20' returned non-zero exit status 1.
2025-05-11 16:51:54,air-n-water.com,Command 'ruby bin/wayback_machine_downloader http://air-n-water.com -sl -f 2009 --concurrency 20' returned non-zero exit status 1.
2025-05-11 16:51:55,jhilburn.com,Command 'ruby bin/wayback_machine_downloader http://jhilburn.com -sl -f 2009 --concurrency 20' returned non-zero exit status 1.
2025-05-11 16:51:55,microsoftstore.com,Command 'ruby bin/wayback_machine_downloader http://microsoftstore.com -sl -f 2009 --concurrency 20' returned non-zero exit status 1.
2025-05-11 16:51:56,tuftandneedle.com,Command 'ruby bin/wayback_machine_downloader http://tuftandneedle.com -sl -f 2009 --concurrency 20' returned non-zero exit status 1.
2025-05-11 16:51:56,blindsandwallpaperwholesaler.com,Command 'ruby bin/wayback_machine_downloader http://blindsandwallpaperwholesaler.com -sl -f 2009 --concurrency 20' returned non-zero exit status 1.
2025-05-11 16:51:56,levolor.com,Command 'ruby bin/wayback_machine_downloader http://levolor.com -sl -f 2009 --concurrency 20' returned non-zero exit status 1.
2025-05-11 16:51:57,wolverineworldwide.com,Command 'ruby bin/wayback_machine_downloader http://wolverineworldwide.com -sl -f 2009 --concurrency 20' returned non-zero exit status 1.
2025-05-11 16:51:57,wholesalemarine.com,Command 'ruby bin/wayback_machine_downloader http://wholesalemarine.com -sl -f 2009 --concurrency 20' returned non-zero exit status 1.
2025-05-11 16:51:59,aquasana.com,Command 'ruby bin/wayback_machine_downloader http://aquasana.com -sl -f 2009 --concurrency 20' returned non-zero exit status 1.
2025-05-11 16:51:59,orangeonions.com,Command 'ruby bin/wayback_machine_downloader http://orangeonions.com -sl -f 2009 --concurrency 20' returned non-zero exit status 1.
2025-05-11 16:52:00,danskin.com,Command 'ruby bin/wayback_machine_downloader http://danskin.com -sl -f 2009 --concurrency 20' returned non-zero exit status 1.
2025-05-11 16:52:00,tipsyelves.com,Command 'ruby bin/wayback_machine_downloader http://tipsyelves.com -sl -f 2009 --concurrency 20' returned non-zero exit status 1.
2025-05-11 16:52:01,frsafety.com,Command 'ruby bin/wayback_machine_downloader http://frsafety.com -sl -f 2009 --concurrency 20' returned non-zero exit status 1.
2025-05-11 16:52:01,us.longtallsally.com,Command 'ruby bin/wayback_machine_downloader http://us.longtallsally.com -sl -f 2009 --concurrency 20' returned non-zero exit status 1.
2025-05-11 16:52:02,vintagetub.com,Command 'ruby bin/wayback_machine_downloader http://vintagetub.com -sl -f 2009 --concurrency 20' returned non-zero exit status 1.
2025-05-11 16:52:02,dezignwithaz.com,Command 'ruby bin/wayback_machine_downloader http://dezignwithaz.com -sl -f 2009 --concurrency 20' returned non-zero exit status 1.
2025-05-11 16:52:03,vapewild.com,Command 'ruby bin/wayback_machine_downloader http://vapewild.com -sl -f 2009 --concurrency 20' returned non-zero exit status 1.
2025-05-11 16:52:04,valuepetsupplies.com,Command 'ruby bin/wayback_machine_downloader http://valuepetsupplies.com -sl -f 2009 --concurrency 20' returned non-zero exit status 1.
2025-05-11 16:52:04,stagestores.com,Command 'ruby bin/wayback_machine_downloader http://stagestores.com -sl -f 2009 --concurrency 20' returned non-zero exit status 1.
2025-05-11 16:52:05,wholelattelove.com,Command 'ruby bin/wayback_machine_downloader http://wholelattelove.com -sl -f 2009 --concurrency 20' returned non-zero exit status 1.
2025-05-11 16:52:05,beltoutlet.com,Command 'ruby bin/wayback_machine_downloader http://beltoutlet.com -sl -f 2009 --concurrency 20' returned non-zero exit status 1.
2025-05-11 16:52:06,woot.com,Command 'ruby bin/wayback_machine_downloader http://woot.com -sl -f 2009 --concurrency 20' returned non-zero exit status 1.
2025-05-11 16:52:06,bollandbranch.com,Command 'ruby bin/wayback_machine_downloader http://bollandbranch.com -sl -f 2009 --concurrency 20' returned non-zero exit status 1.
2025-05-11 16:52:07,wickercentral.com,Command 'ruby bin/wayback_machine_downloader http://wickercentral.com -sl -f 2009 --concurrency 20' returned non-zero exit status 1.
2025-05-11 16:52:07,ecoswift.com,Command 'ruby bin/wayback_machine_downloader http://ecoswift.com -sl -f 2009 --concurrency 20' returned non-zero exit status 1.
2025-05-11 16:52:07,tomford.com,Command 'ruby bin/wayback_machine_downloader http://tomford.com -sl -f 2009 --concurrency 20' returned non-zero exit status 1.
2025-05-11 16:52:08,thetiebar.com,Command 'ruby bin/wayback_machine_downloader http://thetiebar.com -sl -f 2009 --concurrency 20' returned non-zero exit status 1.
2025-05-11 16:52:08,timbuk2.com,Command 'ruby bin/wayback_machine_downloader http://timbuk2.com -sl -f 2009 --concurrency 20' returned non-zero exit status 1.
2025-05-11 16:52:09,nfm.com,Command 'ruby bin/wayback_machine_downloader http://nfm.com -sl -f 2009 --concurrency 20' returned non-zero exit status 1.
2025-05-11 16:52:09,beyondstores.com,Command 'ruby bin/wayback_machine_downloader http://beyondstores.com -sl -f 2009 --concurrency 20' returned non-zero exit status 1.
2025-05-11 16:52:10,nationalbuildersupply.com,Command 'ruby bin/wayback_machine_downloader http://nationalbuildersupply.com -sl -f 2009 --concurrency 20' returned non-zero exit status 1.
2025-05-11 16:52:19,tauntonstore.com,Command 'ruby bin/wayback_machine_downloader http://tauntonstore.com -sl -f 2009 --concurrency 20' returned non-zero exit status 1.
2025-05-11 16:52:19,v2.com,Command 'ruby bin/wayback_machine_downloader http://v2.com -sl -f 2009 --concurrency 20' returned non-zero exit status 1.
2025-05-11 16:52:20,barkbox.com,Command 'ruby bin/wayback_machine_downloader http://barkbox.com -sl -f 2009 --concurrency 20' returned non-zero exit status 1.
2025-05-11 16:52:20,myvaporstore.com,Command 'ruby bin/wayback_machine_downloader http://myvaporstore.com -sl -f 2009 --concurrency 20' returned non-zero exit status 1.
2025-05-11 16:52:21,shop.panasonic.com,Command 'ruby bin/wayback_machine_downloader http://shop.panasonic.com -sl -f 2009 --concurrency 20' returned non-zero exit status 1.
2025-05-11 16:52:26,countryclubprep.com,Command 'ruby bin/wayback_machine_downloader http://countryclubprep.com -sl -f 2009 --concurrency 20' returned non-zero exit status 1.
2025-05-11 16:52:26,whatshebuys.com,Command 'ruby bin/wayback_machine_downloader http://whatshebuys.com -sl -f 2009 --concurrency 20' returned non-zero exit status 1.
2025-05-11 16:52:27,bodycandy.com,Command 'ruby bin/wayback_machine_downloader http://bodycandy.com -sl -f 2009 --concurrency 20' returned non-zero exit status 1.
2025-05-11 16:52:27,munchery.com,Command 'ruby bin/wayback_machine_downloader http://munchery.com -sl -f 2009 --concurrency 20' returned non-zero exit status 1.
2025-05-11 16:52:28,paperstyle.com,Command 'ruby bin/wayback_machine_downloader http://paperstyle.com -sl -f 2009 --concurrency 20' returned non-zero exit status 1.
2025-05-11 16:52:33,shop.americangreetings.com,Command 'ruby bin/wayback_machine_downloader http://shop.americangreetings.com -sl -f 2009 --concurrency 20' returned non-zero exit status 1.
2025-05-11 16:52:33,gourmetgiftbaskets.com,Command 'ruby bin/wayback_machine_downloader http://gourmetgiftbaskets.com -sl -f 2009 --concurrency 20' returned non-zero exit status 1.
2025-05-11 16:52:34,claroshop.com,Command 'ruby bin/wayback_machine_downloader http://claroshop.com -sl -f 2009 --concurrency 20' returned non-zero exit status 1.
2025-05-11 16:52:40,signs.com,Command 'ruby bin/wayback_machine_downloader http://signs.com -sl -f 2009 --concurrency 20' returned non-zero exit status 1.
2025-05-11 16:52:40,1-800-mattress.com,Command 'ruby bin/wayback_machine_downloader http://1-800-mattress.com -sl -f 2009 --concurrency 20' returned non-zero exit status 1.
2025-05-11 16:52:41,peepersspecs.com,Command 'ruby bin/wayback_machine_downloader http://peepersspecs.com -sl -f 2009 --concurrency 20' returned non-zero exit status 1.
2025-05-11 16:52:46,discounttwo-wayradio.com,Command 'ruby bin/wayback_machine_downloader http://discounttwo-wayradio.com -sl -f 2009 --concurrency 20' returned non-zero exit status 1.
2025-05-11 16:52:47,factoryestores.com,Command 'ruby bin/wayback_machine_downloader http://factoryestores.com -sl -f 2009 --concurrency 20' returned non-zero exit status 1.
2025-05-11 16:52:52,bluebath.com,Command 'ruby bin/wayback_machine_downloader http://bluebath.com -sl -f 2009 --concurrency 20' returned non-zero exit status 1.
2025-05-11 16:52:53,islandcompany.com,Command 'ruby bin/wayback_machine_downloader http://islandcompany.com -sl -f 2009 --concurrency 20' returned non-zero exit status 1.
2025-05-11 16:52:53,discoverystore.com,Command 'ruby bin/wayback_machine_downloader http://discoverystore.com -sl -f 2009 --concurrency 20' returned non-zero exit status 1.
2025-05-11 16:52:53,ospreypacks.com,Command 'ruby bin/wayback_machine_downloader http://ospreypacks.com -sl -f 2009 --concurrency 20' returned non-zero exit status 1.
2025-05-11 16:52:54,equipatron.com,Command 'ruby bin/wayback_machine_downloader http://equipatron.com -sl -f 2009 --concurrency 20' returned non-zero exit status 1.
2025-05-11 16:52:55,crownawards.com,Command 'ruby bin/wayback_machine_downloader http://crownawards.com -sl -f 2009 --concurrency 20' returned non-zero exit status 1.
2025-05-11 16:53:04,chefd.com,Command 'ruby bin/wayback_machine_downloader http://chefd.com -sl -f 2009 --concurrency 20' returned non-zero exit status 1.
2025-05-11 16:53:36,healthydirections.com,Command 'ruby bin/wayback_machine_downloader http://healthydirections.com -sl -f 2009 --concurrency 20' returned non-zero exit status 1.
2025-05-11 16:53:41,tamperseal.com,Command 'ruby bin/wayback_machine_downloader http://tamperseal.com -sl -f 2009 --concurrency 20' returned non-zero exit status 1.
2025-05-11 16:53:42,drapers.com,Command 'ruby bin/wayback_machine_downloader http://drapers.com -sl -f 2009 --concurrency 20' returned non-zero exit status 1.
2025-05-11 16:53:43,cyberweld.com,Command 'ruby bin/wayback_machine_downloader http://cyberweld.com -sl -f 2009 --concurrency 20' returned non-zero exit status 1.
2025-05-11 16:53:43,rockbottomgolf.com,Command 'ruby bin/wayback_machine_downloader http://rockbottomgolf.com -sl -f 2009 --concurrency 20' returned non-zero exit status 1.
2025-05-11 16:53:44,softmart.com,Command 'ruby bin/wayback_machine_downloader http://softmart.com -sl -f 2009 --concurrency 20' returned non-zero exit status 1.
2025-05-11 16:53:44,luxedecor.com,Command 'ruby bin/wayback_machine_downloader http://luxedecor.com -sl -f 2009 --concurrency 20' returned non-zero exit status 1.
2025-05-11 16:53:49,rackroomshoes.com,Command 'ruby bin/wayback_machine_downloader http://rackroomshoes.com -sl -f 2009 --concurrency 20' returned non-zero exit status 1.
2025-05-11 16:53:50,ultrasabers.com,Command 'ruby bin/wayback_machine_downloader http://ultrasabers.com -sl -f 2009 --concurrency 20' returned non-zero exit status 1.
2025-05-11 16:53:50,thriftbooks.com,Command 'ruby bin/wayback_machine_downloader http://thriftbooks.com -sl -f 2009 --concurrency 20' returned non-zero exit status 1.
2025-05-11 16:53:51,onlinestores.com,Command 'ruby bin/wayback_machine_downloader http://onlinestores.com -sl -f 2009 --concurrency 20' returned non-zero exit status 1.
2025-05-11 16:53:56,zephyrsports.com,Command 'ruby bin/wayback_machine_downloader http://zephyrsports.com -sl -f 2009 --concurrency 20' returned non-zero exit status 1.
2025-05-11 16:54:01,dormco.com,Command 'ruby bin/wayback_machine_downloader http://dormco.com -sl -f 2009 --concurrency 20' returned non-zero exit status 1.
2025-05-11 16:54:02,meundies.com,Command 'ruby bin/wayback_machine_downloader http://meundies.com -sl -f 2009 --concurrency 20' returned non-zero exit status 1.
2025-05-11 16:54:07,thegreatcourses.co.uk,Command 'ruby bin/wayback_machine_downloader http://thegreatcourses.co.uk -sl -f 2009 --concurrency 20' returned non-zero exit status 1.
2025-05-11 16:54:07,shopladder.com,Command 'ruby bin/wayback_machine_downloader http://shopladder.com -sl -f 2009 --concurrency 20' returned non-zero exit status 1.
2025-05-11 16:54:08,greatsbrand.com,Command 'ruby bin/wayback_machine_downloader http://greatsbrand.com -sl -f 2009 --concurrency 20' returned non-zero exit status 1.
2025-05-11 16:54:39,domyownpestcontrol.com,Command 'ruby bin/wayback_machine_downloader http://domyownpestcontrol.com -sl -f 2009 --concurrency 20' returned non-zero exit status 1.
2025-05-11 16:54:40,laurenjames.com,Command 'ruby bin/wayback_machine_downloader http://laurenjames.com -sl -f 2009 --concurrency 20' returned non-zero exit status 1.
2025-05-11 16:54:40,creekstonefarms.com,Command 'ruby bin/wayback_machine_downloader http://creekstonefarms.com -sl -f 2009 --concurrency 20' returned non-zero exit status 1.
2025-05-11 16:54:41,gaffos.com,Command 'ruby bin/wayback_machine_downloader http://gaffos.com -sl -f 2009 --concurrency 20' returned non-zero exit status 1.
2025-05-11 16:54:41,brickhousesecurity.com,Command 'ruby bin/wayback_machine_downloader http://brickhousesecurity.com -sl -f 2009 --concurrency 20' returned non-zero exit status 1.
2025-05-11 16:54:54,store.irobot.com,Command 'ruby bin/wayback_machine_downloader http://store.irobot.com -sl -f 2009 --concurrency 20' returned non-zero exit status 1.
2025-05-11 16:54:54,kiwico.com,Command 'ruby bin/wayback_machine_downloader http://kiwico.com -sl -f 2009 --concurrency 20' returned non-zero exit status 1.
2025-05-11 16:54:55,modernfurniturewarehouse.com,Command 'ruby bin/wayback_machine_downloader http://modernfurniturewarehouse.com -sl -f 2009 --concurrency 20' returned non-zero exit status 1.
2025-05-11 16:54:55,pmctire.com,Command 'ruby bin/wayback_machine_downloader http://pmctire.com -sl -f 2009 --concurrency 20' returned non-zero exit status 1.
2025-05-11 16:54:55,thebay.com,Command 'ruby bin/wayback_machine_downloader http://thebay.com -sl -f 2009 --concurrency 20' returned non-zero exit status 1.
2025-05-11 16:54:56,footpetals.com,Command 'ruby bin/wayback_machine_downloader http://footpetals.com -sl -f 2009 --concurrency 20' returned non-zero exit status 1.
2025-05-11 16:54:56,thecandylandstore.com,Command 'ruby bin/wayback_machine_downloader http://thecandylandstore.com -sl -f 2009 --concurrency 20' returned non-zero exit status 1.
2025-05-11 16:54:57,pimsleurapproach.com,Command 'ruby bin/wayback_machine_downloader http://pimsleurapproach.com -sl -f 2009 --concurrency 20' returned non-zero exit status 1.
2025-05-11 16:54:57,morphe.com,Command 'ruby bin/wayback_machine_downloader http://morphe.com -sl -f 2009 --concurrency 20' returned non-zero exit status 1.
2025-05-11 16:54:58,golflandwarehouse.com,Command 'ruby bin/wayback_machine_downloader http://golflandwarehouse.com -sl -f 2009 --concurrency 20' returned non-zero exit status 1.
2025-05-11 16:54:58,cuisinart.com,Command 'ruby bin/wayback_machine_downloader http://cuisinart.com -sl -f 2009 --concurrency 20' returned non-zero exit status 1.
2025-05-11 16:54:58,dailyburn.com,Command 'ruby bin/wayback_machine_downloader http://dailyburn.com -sl -f 2009 --concurrency 20' returned non-zero exit status 1.
2025-05-11 16:54:59,johnsonfitness.com,Command 'ruby bin/wayback_machine_downloader http://johnsonfitness.com -sl -f 2009 --concurrency 20' returned non-zero exit status 1.
2025-05-11 16:54:59,sivanaspirit.com,Command 'ruby bin/wayback_machine_downloader http://sivanaspirit.com -sl -f 2009 --concurrency 20' returned non-zero exit status 1.
2025-05-11 16:55:01,commercialbargains.com,Command 'ruby bin/wayback_machine_downloader http://commercialbargains.com -sl -f 2009 --concurrency 20' returned non-zero exit status 1.
2025-05-11 16:55:01,valuecityfurniture.com,Command 'ruby bin/wayback_machine_downloader http://valuecityfurniture.com -sl -f 2009 --concurrency 20' returned non-zero exit status 1.
2025-05-11 16:55:02,clicktoshop.com,Command 'ruby bin/wayback_machine_downloader http://clicktoshop.com -sl -f 2009 --concurrency 20' returned non-zero exit status 1.
2025-05-11 16:55:02,stevenalan.com,Command 'ruby bin/wayback_machine_downloader http://stevenalan.com -sl -f 2009 --concurrency 20' returned non-zero exit status 1.
2025-05-11 16:55:03,viralstyle.com,Command 'ruby bin/wayback_machine_downloader http://viralstyle.com -sl -f 2009 --concurrency 20' returned non-zero exit status 1.
2025-05-11 16:55:04,hpshopping.com,Command 'ruby bin/wayback_machine_downloader http://hpshopping.com -sl -f 2009 --concurrency 20' returned non-zero exit status 1.
2025-05-11 16:55:04,lovesac.com,Command 'ruby bin/wayback_machine_downloader http://lovesac.com -sl -f 2009 --concurrency 20' returned non-zero exit status 1.
2025-05-11 16:55:05,tigerfitness.com,Command 'ruby bin/wayback_machine_downloader http://tigerfitness.com -sl -f 2009 --concurrency 20' returned non-zero exit status 1.
2025-05-11 16:55:05,ergoindemand.com,Command 'ruby bin/wayback_machine_downloader http://ergoindemand.com -sl -f 2009 --concurrency 20' returned non-zero exit status 1.
2025-05-11 16:55:12,avery.com,Command 'ruby bin/wayback_machine_downloader http://avery.com -sl -f 2009 --concurrency 20' returned non-zero exit status 1.
2025-05-11 16:55:12,touchofclass.com,Command 'ruby bin/wayback_machine_downloader http://touchofclass.com -sl -f 2009 --concurrency 20' returned non-zero exit status 1.
2025-05-11 16:55:13,centralvacuumstores.com,Command 'ruby bin/wayback_machine_downloader http://centralvacuumstores.com -sl -f 2009 --concurrency 20' returned non-zero exit status 1.
2025-05-11 16:55:13,lafayette148ny.com,Command 'ruby bin/wayback_machine_downloader http://lafayette148ny.com -sl -f 2009 --concurrency 20' returned non-zero exit status 1.
2025-05-11 16:55:13,shopandroid.com,Command 'ruby bin/wayback_machine_downloader http://shopandroid.com -sl -f 2009 --concurrency 20' returned non-zero exit status 1.
2025-05-11 16:55:15,thegrommet.com,Command 'ruby bin/wayback_machine_downloader http://thegrommet.com -sl -f 2009 --concurrency 20' returned non-zero exit status 1.
2025-05-11 16:55:15,store.google.com,Command 'ruby bin/wayback_machine_downloader http://store.google.com -sl -f 2009 --concurrency 20' returned non-zero exit status 1.
2025-05-11 16:55:16,evacuumstore.com,Command 'ruby bin/wayback_machine_downloader http://evacuumstore.com -sl -f 2009 --concurrency 20' returned non-zero exit status 1.
2025-05-11 16:55:16,cufflinks.com,Command 'ruby bin/wayback_machine_downloader http://cufflinks.com -sl -f 2009 --concurrency 20' returned non-zero exit status 1.
2025-05-11 16:55:17,target.com,Command 'ruby bin/wayback_machine_downloader http://target.com -sl -f 2009 --concurrency 20' returned non-zero exit status 1.
2025-05-11 16:55:17,fusionbeads.com,Command 'ruby bin/wayback_machine_downloader http://fusionbeads.com -sl -f 2009 --concurrency 20' returned non-zero exit status 1.
2025-05-11 16:55:18,dailylook.com,Command 'ruby bin/wayback_machine_downloader http://dailylook.com -sl -f 2009 --concurrency 20' returned non-zero exit status 1.
2025-05-11 16:55:18,vipoutlet.com,Command 'ruby bin/wayback_machine_downloader http://vipoutlet.com -sl -f 2009 --concurrency 20' returned non-zero exit status 1.
2025-05-11 16:55:18,fullsource.com,Command 'ruby bin/wayback_machine_downloader http://fullsource.com -sl -f 2009 --concurrency 20' returned non-zero exit status 1.
2025-05-11 16:55:19,us.humankinetics.com,Command 'ruby bin/wayback_machine_downloader http://us.humankinetics.com -sl -f 2009 --concurrency 20' returned non-zero exit status 1.
2025-05-11 16:55:19,peruvianconnection.com,Command 'ruby bin/wayback_machine_downloader http://peruvianconnection.com -sl -f 2009 --concurrency 20' returned non-zero exit status 1.
2025-05-11 16:55:20,americanmuscle.com,Command 'ruby bin/wayback_machine_downloader http://americanmuscle.com -sl -f 2009 --concurrency 20' returned non-zero exit status 1.
2025-05-11 16:55:20,closeoutlinen.com,Command 'ruby bin/wayback_machine_downloader http://closeoutlinen.com -sl -f 2009 --concurrency 20' returned non-zero exit status 1.
2025-05-11 16:55:21,prolighting.com,Command 'ruby bin/wayback_machine_downloader http://prolighting.com -sl -f 2009 --concurrency 20' returned non-zero exit status 1.
2025-05-11 16:55:21,pcuniverse.com,Command 'ruby bin/wayback_machine_downloader http://pcuniverse.com -sl -f 2009 --concurrency 20' returned non-zero exit status 1.
2025-05-11 16:55:22,serta.com,Command 'ruby bin/wayback_machine_downloader http://serta.com -sl -f 2009 --concurrency 20' returned non-zero exit status 1.
2025-05-11 16:55:22,shopjimmy.com,Command 'ruby bin/wayback_machine_downloader http://shopjimmy.com -sl -f 2009 --concurrency 20' returned non-zero exit status 1.
2025-05-11 16:55:22,onkyousa.com,Command 'ruby bin/wayback_machine_downloader http://onkyousa.com -sl -f 2009 --concurrency 20' returned non-zero exit status 1.
2025-05-11 16:55:23,lensdirect.com,Command 'ruby bin/wayback_machine_downloader http://lensdirect.com -sl -f 2009 --concurrency 20' returned non-zero exit status 1.
2025-05-11 16:55:23,wowautoparts.com,Command 'ruby bin/wayback_machine_downloader http://wowautoparts.com -sl -f 2009 --concurrency 20' returned non-zero exit status 1.
2025-05-11 16:55:24,westmarine.com,Command 'ruby bin/wayback_machine_downloader http://westmarine.com -sl -f 2009 --concurrency 20' returned non-zero exit status 1.
2025-05-11 16:55:24,greenhousemegastore.com,Command 'ruby bin/wayback_machine_downloader http://greenhousemegastore.com -sl -f 2009 --concurrency 20' returned non-zero exit status 1.
2025-05-11 16:55:25,cymax.com,Command 'ruby bin/wayback_machine_downloader http://cymax.com -sl -f 2009 --concurrency 20' returned non-zero exit status 1.
2025-05-11 16:55:25,magnetstreet.com,Command 'ruby bin/wayback_machine_downloader http://magnetstreet.com -sl -f 2009 --concurrency 20' returned non-zero exit status 1.
2025-05-11 16:55:26,nflshop.com,Command 'ruby bin/wayback_machine_downloader http://nflshop.com -sl -f 2009 --concurrency 20' returned non-zero exit status 1.
2025-05-11 16:55:26,limitedgoods.com,Command 'ruby bin/wayback_machine_downloader http://limitedgoods.com -sl -f 2009 --concurrency 20' returned non-zero exit status 1.
2025-05-11 16:55:26,shoesofprey.com,Command 'ruby bin/wayback_machine_downloader http://shoesofprey.com -sl -f 2009 --concurrency 20' returned non-zero exit status 1.
2025-05-11 16:55:27,homeandpatiodecorcenter.com,Command 'ruby bin/wayback_machine_downloader http://homeandpatiodecorcenter.com -sl -f 2009 --concurrency 20' returned non-zero exit status 1.
2025-05-11 16:55:27,play.google.com,Command 'ruby bin/wayback_machine_downloader http://play.google.com -sl -f 2009 --concurrency 20' returned non-zero exit status 1.
2025-05-11 16:55:28,usa.hermes.com,Command 'ruby bin/wayback_machine_downloader http://usa.hermes.com -sl -f 2009 --concurrency 20' returned non-zero exit status 1.
2025-05-11 16:55:28,mackweldon.com,Command 'ruby bin/wayback_machine_downloader http://mackweldon.com -sl -f 2009 --concurrency 20' returned non-zero exit status 1.
2025-05-11 16:55:29,esalon.com,Command 'ruby bin/wayback_machine_downloader http://esalon.com -sl -f 2009 --concurrency 20' returned non-zero exit status 1.
2025-05-11 16:55:29,philips.com,Command 'ruby bin/wayback_machine_downloader http://philips.com -sl -f 2009 --concurrency 20' returned non-zero exit status 1.
2025-05-11 16:55:30,47stphoto.com,Command 'ruby bin/wayback_machine_downloader http://47stphoto.com -sl -f 2009 --concurrency 20' returned non-zero exit status 1.
2025-05-11 16:55:30,selectblinds.com,Command 'ruby bin/wayback_machine_downloader http://selectblinds.com -sl -f 2009 --concurrency 20' returned non-zero exit status 1.
2025-05-11 16:55:30,simplysoles.com,Command 'ruby bin/wayback_machine_downloader http://simplysoles.com -sl -f 2009 --concurrency 20' returned non-zero exit status 1.
2025-05-11 16:55:31,cduniverse.com,Command 'ruby bin/wayback_machine_downloader http://cduniverse.com -sl -f 2009 --concurrency 20' returned non-zero exit status 1.
2025-05-11 16:55:31,dealyard.com,Command 'ruby bin/wayback_machine_downloader http://dealyard.com -sl -f 2009 --concurrency 20' returned non-zero exit status 1.
2025-05-11 16:55:32,airgundepot.com,Command 'ruby bin/wayback_machine_downloader http://airgundepot.com -sl -f 2009 --concurrency 20' returned non-zero exit status 1.
2025-05-11 16:55:32,lillypulitzer.com,Command 'ruby bin/wayback_machine_downloader http://lillypulitzer.com -sl -f 2009 --concurrency 20' returned non-zero exit status 1.
2025-05-11 16:55:33,rivetandsway.com,Command 'ruby bin/wayback_machine_downloader http://rivetandsway.com -sl -f 2009 --concurrency 20' returned non-zero exit status 1.
2025-05-11 16:55:33,als.com,Command 'ruby bin/wayback_machine_downloader http://als.com -sl -f 2009 --concurrency 20' returned non-zero exit status 1.
2025-05-11 16:55:34,ross-simons.com,Command 'ruby bin/wayback_machine_downloader http://ross-simons.com -sl -f 2009 --concurrency 20' returned non-zero exit status 1.
2025-05-11 16:55:34,v2cigs.com,Command 'ruby bin/wayback_machine_downloader http://v2cigs.com -sl -f 2009 --concurrency 20' returned non-zero exit status 1.
2025-05-11 16:55:34,bn.com,Command 'ruby bin/wayback_machine_downloader http://bn.com -sl -f 2009 --concurrency 20' returned non-zero exit status 1.
2025-05-11 16:55:35,dstld.com,Command 'ruby bin/wayback_machine_downloader http://dstld.com -sl -f 2009 --concurrency 20' returned non-zero exit status 1.
2025-05-11 16:55:36,soundstrue.com,Command 'ruby bin/wayback_machine_downloader http://soundstrue.com -sl -f 2009 --concurrency 20' returned non-zero exit status 1.
2025-05-11 16:55:37,coffeeforless.com,Command 'ruby bin/wayback_machine_downloader http://coffeeforless.com -sl -f 2009 --concurrency 20' returned non-zero exit status 1.
2025-05-11 16:55:37,usimprints.com,Command 'ruby bin/wayback_machine_downloader http://usimprints.com -sl -f 2009 --concurrency 20' returned non-zero exit status 1.
2025-05-11 16:55:38,dyscern.com,Command 'ruby bin/wayback_machine_downloader http://dyscern.com -sl -f 2009 --concurrency 20' returned non-zero exit status 1.
2025-05-11 16:55:38,charlesandcolvard.com,Command 'ruby bin/wayback_machine_downloader http://charlesandcolvard.com -sl -f 2009 --concurrency 20' returned non-zero exit status 1.
2025-05-11 16:55:39,soriana.com,Command 'ruby bin/wayback_machine_downloader http://soriana.com -sl -f 2009 --concurrency 20' returned non-zero exit status 1.
2025-05-11 16:55:39,thebodyshop-usa.com,Command 'ruby bin/wayback_machine_downloader http://thebodyshop-usa.com -sl -f 2009 --concurrency 20' returned non-zero exit status 1.
2025-05-11 16:55:40,defysupply.com,Command 'ruby bin/wayback_machine_downloader http://defysupply.com -sl -f 2009 --concurrency 20' returned non-zero exit status 1.
2025-05-11 16:55:40,store.schoolspecialty.com,Command 'ruby bin/wayback_machine_downloader http://store.schoolspecialty.com -sl -f 2009 --concurrency 20' returned non-zero exit status 1.
2025-05-11 16:55:41,lacoste.com,Command 'ruby bin/wayback_machine_downloader http://lacoste.com -sl -f 2009 --concurrency 20' returned non-zero exit status 1.
2025-05-11 16:55:41,unoallavolta.com,Command 'ruby bin/wayback_machine_downloader http://unoallavolta.com -sl -f 2009 --concurrency 20' returned non-zero exit status 1.
2025-05-11 16:55:42,jaybirdsport.com,Command 'ruby bin/wayback_machine_downloader http://jaybirdsport.com -sl -f 2009 --concurrency 20' returned non-zero exit status 1.
2025-05-11 16:55:42,onepeloton.com,Command 'ruby bin/wayback_machine_downloader http://onepeloton.com -sl -f 2009 --concurrency 20' returned non-zero exit status 1.
2025-05-11 16:55:42,shop.surfboard.com,Command 'ruby bin/wayback_machine_downloader http://shop.surfboard.com -sl -f 2009 --concurrency 20' returned non-zero exit status 1.
2025-05-11 16:55:43,elementvape.com,Command 'ruby bin/wayback_machine_downloader http://elementvape.com -sl -f 2009 --concurrency 20' returned non-zero exit status 1.
2025-05-11 16:55:43,magnets.com,Command 'ruby bin/wayback_machine_downloader http://magnets.com -sl -f 2009 --concurrency 20' returned non-zero exit status 1.
2025-05-11 16:55:44,awaytravel.com,Command 'ruby bin/wayback_machine_downloader http://awaytravel.com -sl -f 2009 --concurrency 20' returned non-zero exit status 1.
2025-05-11 16:55:44,nutricity.com,Command 'ruby bin/wayback_machine_downloader http://nutricity.com -sl -f 2009 --concurrency 20' returned non-zero exit status 1.
2025-05-11 16:55:45,shoezoo.com,Command 'ruby bin/wayback_machine_downloader http://shoezoo.com -sl -f 2009 --concurrency 20' returned non-zero exit status 1.
2025-05-11 16:55:45,fragrancenet.com,Command 'ruby bin/wayback_machine_downloader http://fragrancenet.com -sl -f 2009 --concurrency 20' returned non-zero exit status 1.
2025-05-11 16:55:45,casper.com,Command 'ruby bin/wayback_machine_downloader http://casper.com -sl -f 2009 --concurrency 20' returned non-zero exit status 1.
2025-05-11 16:55:46,buckle.com,Command 'ruby bin/wayback_machine_downloader http://buckle.com -sl -f 2009 --concurrency 20' returned non-zero exit status 1.
2025-05-11 16:55:46,romwe.com,Command 'ruby bin/wayback_machine_downloader http://romwe.com -sl -f 2009 --concurrency 20' returned non-zero exit status 1.
2025-05-11 16:55:47,uniquesquared.com,Command 'ruby bin/wayback_machine_downloader http://uniquesquared.com -sl -f 2009 --concurrency 20' returned non-zero exit status 1.
2025-05-11 16:55:48,en-us.sennheiser.com,Command 'ruby bin/wayback_machine_downloader http://en-us.sennheiser.com -sl -f 2009 --concurrency 20' returned non-zero exit status 1.
2025-05-11 16:55:50,edwinwattsgolf.com,Command 'ruby bin/wayback_machine_downloader http://edwinwattsgolf.com -sl -f 2009 --concurrency 20' returned non-zero exit status 1.
2025-05-11 16:55:50,jerrysartarama.com,Command 'ruby bin/wayback_machine_downloader http://jerrysartarama.com -sl -f 2009 --concurrency 20' returned non-zero exit status 1.
2025-05-11 16:55:51,hayneedle.com,Command 'ruby bin/wayback_machine_downloader http://hayneedle.com -sl -f 2009 --concurrency 20' returned non-zero exit status 1.
2025-05-11 16:55:51,stratashops.com,Command 'ruby bin/wayback_machine_downloader http://stratashops.com -sl -f 2009 --concurrency 20' returned non-zero exit status 1.
2025-05-11 16:55:52,ruvilla.com,Command 'ruby bin/wayback_machine_downloader http://ruvilla.com -sl -f 2009 --concurrency 20' returned non-zero exit status 1.
2025-05-11 16:55:58,chicagomusicexchange.com,Command 'ruby bin/wayback_machine_downloader http://chicagomusicexchange.com -sl -f 2009 --concurrency 20' returned non-zero exit status 1.
2025-05-11 16:55:58,uspoloassn.com,Command 'ruby bin/wayback_machine_downloader http://uspoloassn.com -sl -f 2009 --concurrency 20' returned non-zero exit status 1.
2025-05-11 16:55:59,yamibuy.com,Command 'ruby bin/wayback_machine_downloader http://yamibuy.com -sl -f 2009 --concurrency 20' returned non-zero exit status 1.
2025-05-11 16:55:59,deepdiscount.com,Command 'ruby bin/wayback_machine_downloader http://deepdiscount.com -sl -f 2009 --concurrency 20' returned non-zero exit status 1.
2025-05-11 16:56:04,minimus.biz,Command 'ruby bin/wayback_machine_downloader http://minimus.biz -sl -f 2009 --concurrency 20' returned non-zero exit status 1.
2025-05-11 16:56:05,shop.philips.com,Command 'ruby bin/wayback_machine_downloader http://shop.philips.com -sl -f 2009 --concurrency 20' returned non-zero exit status 1.
2025-05-11 16:56:05,smacktom.com,Command 'ruby bin/wayback_machine_downloader http://smacktom.com -sl -f 2009 --concurrency 20' returned non-zero exit status 1.
2025-05-11 16:56:06,strawberrynet.com,Command 'ruby bin/wayback_machine_downloader http://strawberrynet.com -sl -f 2009 --concurrency 20' returned non-zero exit status 1.
2025-05-11 16:56:06,untilgone.com,Command 'ruby bin/wayback_machine_downloader http://untilgone.com -sl -f 2009 --concurrency 20' returned non-zero exit status 1.
2025-05-11 16:56:07,pensnmore.com,Command 'ruby bin/wayback_machine_downloader http://pensnmore.com -sl -f 2009 --concurrency 20' returned non-zero exit status 1.
2025-05-11 16:56:07,unionsquared.com,Command 'ruby bin/wayback_machine_downloader http://unionsquared.com -sl -f 2009 --concurrency 20' returned non-zero exit status 1.
2025-05-11 16:56:08,store.creekstonefarms.com,Command 'ruby bin/wayback_machine_downloader http://store.creekstonefarms.com -sl -f 2009 --concurrency 20' returned non-zero exit status 1.
2025-05-11 16:56:08,mavistire.com,Command 'ruby bin/wayback_machine_downloader http://mavistire.com -sl -f 2009 --concurrency 20' returned non-zero exit status 1.
2025-05-11 16:56:09,uspatriottactical.com,Command 'ruby bin/wayback_machine_downloader http://uspatriottactical.com -sl -f 2009 --concurrency 20' returned non-zero exit status 1.
2025-05-11 16:56:10,lootcrate.com,Command 'ruby bin/wayback_machine_downloader http://lootcrate.com -sl -f 2009 --concurrency 20' returned non-zero exit status 1.
2025-05-11 16:56:10,jampaper.com,Command 'ruby bin/wayback_machine_downloader http://jampaper.com -sl -f 2009 --concurrency 20' returned non-zero exit status 1.
2025-05-11 16:56:16,ralphlauren.com,Command 'ruby bin/wayback_machine_downloader http://ralphlauren.com -sl -f 2009 --concurrency 20' returned non-zero exit status 1.
2025-05-11 16:56:16,mellanni.com,Command 'ruby bin/wayback_machine_downloader http://mellanni.com -sl -f 2009 --concurrency 20' returned non-zero exit status 1.
2025-05-11 16:56:16,onlinelabels.com,Command 'ruby bin/wayback_machine_downloader http://onlinelabels.com -sl -f 2009 --concurrency 20' returned non-zero exit status 1.
2025-05-11 16:56:17,hibbett.com,Command 'ruby bin/wayback_machine_downloader http://hibbett.com -sl -f 2009 --concurrency 20' returned non-zero exit status 1.
2025-05-11 16:56:17,smokecartel.com,Command 'ruby bin/wayback_machine_downloader http://smokecartel.com -sl -f 2009 --concurrency 20' returned non-zero exit status 1.
2025-05-11 16:56:18,kultofathena.com,Command 'ruby bin/wayback_machine_downloader http://kultofathena.com -sl -f 2009 --concurrency 20' returned non-zero exit status 1.
2025-05-11 16:56:18,destinationmaternity.com,Command 'ruby bin/wayback_machine_downloader http://destinationmaternity.com -sl -f 2009 --concurrency 20' returned non-zero exit status 1.
2025-05-11 16:56:28,store.steelcase.com,Command 'ruby bin/wayback_machine_downloader http://store.steelcase.com -sl -f 2009 --concurrency 20' returned non-zero exit status 1.
2025-05-11 16:56:31,fossil.com,Command 'ruby bin/wayback_machine_downloader http://fossil.com -sl -f 2009 --concurrency 20' returned non-zero exit status 1.
2025-05-11 16:56:31,deqor.com,Command 'ruby bin/wayback_machine_downloader http://deqor.com -sl -f 2009 --concurrency 20' returned non-zero exit status 1.
2025-05-11 16:56:32,bareminerals.com,Command 'ruby bin/wayback_machine_downloader http://bareminerals.com -sl -f 2009 --concurrency 20' returned non-zero exit status 1.
2025-05-11 16:56:32,icetrends.com,Command 'ruby bin/wayback_machine_downloader http://icetrends.com -sl -f 2009 --concurrency 20' returned non-zero exit status 1.
2025-05-11 16:56:33,floorstoyourhome.com,Command 'ruby bin/wayback_machine_downloader http://floorstoyourhome.com -sl -f 2009 --concurrency 20' returned non-zero exit status 1.
2025-05-11 16:56:33,gopro.com,Command 'ruby bin/wayback_machine_downloader http://gopro.com -sl -f 2009 --concurrency 20' returned non-zero exit status 1.
2025-05-11 16:56:34,farmandfleet.com,Command 'ruby bin/wayback_machine_downloader http://farmandfleet.com -sl -f 2009 --concurrency 20' returned non-zero exit status 1.
2025-05-11 16:56:34,safeway.com/ifl/grocery/shop,Command 'ruby bin/wayback_machine_downloader http://safeway.com/ifl/grocery/shop -sl -f 2009 --concurrency 20' returned non-zero exit status 1.
2025-05-11 16:56:35,swap.com,Command 'ruby bin/wayback_machine_downloader http://swap.com -sl -f 2009 --concurrency 20' returned non-zero exit status 1.
2025-05-11 16:56:35,dbrand.com,Command 'ruby bin/wayback_machine_downloader http://dbrand.com -sl -f 2009 --concurrency 20' returned non-zero exit status 1.
2025-05-11 16:56:36,brantano.com.mx,Command 'ruby bin/wayback_machine_downloader http://brantano.com.mx -sl -f 2009 --concurrency 20' returned non-zero exit status 1.
2025-05-11 16:56:36,streetmoda.com,Command 'ruby bin/wayback_machine_downloader http://streetmoda.com -sl -f 2009 --concurrency 20' returned non-zero exit status 1.
2025-05-11 16:57:11,glassesusa.com,Command 'ruby bin/wayback_machine_downloader http://glassesusa.com -sl -f 2009 --concurrency 20' returned non-zero exit status 1.
2025-05-11 16:57:16,jmbullion.com,Command 'ruby bin/wayback_machine_downloader http://jmbullion.com -sl -f 2009 --concurrency 20' returned non-zero exit status 1.
2025-05-11 16:57:17,naturalwellbeing.com,Command 'ruby bin/wayback_machine_downloader http://naturalwellbeing.com -sl -f 2009 --concurrency 20' returned non-zero exit status 1.
2025-05-11 16:57:17,seriousshops.com,Command 'ruby bin/wayback_machine_downloader http://seriousshops.com -sl -f 2009 --concurrency 20' returned non-zero exit status 1.
2025-05-11 16:57:18,store.starbucks.com,Command 'ruby bin/wayback_machine_downloader http://store.starbucks.com -sl -f 2009 --concurrency 20' returned non-zero exit status 1.
2025-05-11 16:57:42,sailrite.com,Command 'ruby bin/wayback_machine_downloader http://sailrite.com -sl -f 2009 --concurrency 20' returned non-zero exit status 1.
2025-05-11 16:57:53,perryellis.com,Command 'ruby bin/wayback_machine_downloader http://perryellis.com -sl -f 2009 --concurrency 20' returned non-zero exit status 1.
2025-05-11 16:57:53,orthoticshop.com,Command 'ruby bin/wayback_machine_downloader http://orthoticshop.com -sl -f 2009 --concurrency 20' returned non-zero exit status 1.
2025-05-11 16:59:37,logoup.com,Command 'ruby bin/wayback_machine_downloader http://logoup.com -sl -f 2009 --concurrency 20' returned non-zero exit status 1.
2025-05-11 17:06:59,shoeshowmega.com,Command 'ruby bin/wayback_machine_downloader http://shoeshowmega.com -sl -f 2009 --concurrency 20' returned non-zero exit status 1.
2025-05-11 17:09:04,sleepnumber.com,Command 'ruby bin/wayback_machine_downloader http://sleepnumber.com -sl -f 2009 --concurrency 20' returned non-zero exit status 1.
2025-05-11 17:09:09,phastekperformance.com,Command 'ruby bin/wayback_machine_downloader http://phastekperformance.com -sl -f 2009 --concurrency 20' returned non-zero exit status 1.
2025-05-11 17:09:10,mymms.com,Command 'ruby bin/wayback_machine_downloader http://mymms.com -sl -f 2009 --concurrency 20' returned non-zero exit status 1.
2025-05-11 17:09:10,fromyouflowers.com,Command 'ruby bin/wayback_machine_downloader http://fromyouflowers.com -sl -f 2009 --concurrency 20' returned non-zero exit status 1.
2025-05-11 17:09:15,shophq.com,Command 'ruby bin/wayback_machine_downloader http://shophq.com -sl -f 2009 --concurrency 20' returned non-zero exit status 1.
2025-05-11 17:09:20,etailz.com,Command 'ruby bin/wayback_machine_downloader http://etailz.com -sl -f 2009 --concurrency 20' returned non-zero exit status 1.
2025-05-11 17:09:20,redwingheritage.com,Command 'ruby bin/wayback_machine_downloader http://redwingheritage.com -sl -f 2009 --concurrency 20' returned non-zero exit status 1.
2025-05-11 17:09:21,matterhackers.com,Command 'ruby bin/wayback_machine_downloader http://matterhackers.com -sl -f 2009 --concurrency 20' returned non-zero exit status 1.
2025-05-11 17:09:21,phoenixleathergoods.com,Command 'ruby bin/wayback_machine_downloader http://phoenixleathergoods.com -sl -f 2009 --concurrency 20' returned non-zero exit status 1.
2025-05-11 17:09:27,shop.callawaygolf.com,Command 'ruby bin/wayback_machine_downloader http://shop.callawaygolf.com -sl -f 2009 --concurrency 20' returned non-zero exit status 1.
2025-05-11 17:09:27,samash.com,Command 'ruby bin/wayback_machine_downloader http://samash.com -sl -f 2009 --concurrency 20' returned non-zero exit status 1.
2025-05-11 17:10:40,jamesallen.com,Command 'ruby bin/wayback_machine_downloader http://jamesallen.com -sl -f 2009 --concurrency 20' returned non-zero exit status 1.
2025-05-11 17:10:41,store.franklinplanner.com,Command 'ruby bin/wayback_machine_downloader http://store.franklinplanner.com -sl -f 2009 --concurrency 20' returned non-zero exit status 1.
2025-05-11 17:10:41,rawlingsgear.com,Command 'ruby bin/wayback_machine_downloader http://rawlingsgear.com -sl -f 2009 --concurrency 20' returned non-zero exit status 1.
2025-05-11 17:10:46,sweetwater.com,Command 'ruby bin/wayback_machine_downloader http://sweetwater.com -sl -f 2009 --concurrency 20' returned non-zero exit status 1.
2025-05-11 17:10:47,nomnomnow.com,Command 'ruby bin/wayback_machine_downloader http://nomnomnow.com -sl -f 2009 --concurrency 20' returned non-zero exit status 1.
2025-05-11 17:10:47,flexshopper.com,Command 'ruby bin/wayback_machine_downloader http://flexshopper.com -sl -f 2009 --concurrency 20' returned non-zero exit status 1.
2025-05-11 17:10:48,shinola.com,Command 'ruby bin/wayback_machine_downloader http://shinola.com -sl -f 2009 --concurrency 20' returned non-zero exit status 1.
2025-05-11 17:10:48,northernmarineelectronics.com,Command 'ruby bin/wayback_machine_downloader http://northernmarineelectronics.com -sl -f 2009 --concurrency 20' returned non-zero exit status 1.
2025-05-11 17:10:49,luckygunner.com,Command 'ruby bin/wayback_machine_downloader http://luckygunner.com -sl -f 2009 --concurrency 20' returned non-zero exit status 1.
2025-05-11 17:10:49,goldsilver.com,Command 'ruby bin/wayback_machine_downloader http://goldsilver.com -sl -f 2009 --concurrency 20' returned non-zero exit status 1.
2025-05-11 17:10:50,paylessshoesource.com,Command 'ruby bin/wayback_machine_downloader http://paylessshoesource.com -sl -f 2009 --concurrency 20' returned non-zero exit status 1.
2025-05-11 17:10:50,bcbg.com,Command 'ruby bin/wayback_machine_downloader http://bcbg.com -sl -f 2009 --concurrency 20' returned non-zero exit status 1.
2025-05-11 17:10:50,sgammo.com,Command 'ruby bin/wayback_machine_downloader http://sgammo.com -sl -f 2009 --concurrency 20' returned non-zero exit status 1.
2025-05-11 17:10:51,propercloth.com,Command 'ruby bin/wayback_machine_downloader http://propercloth.com -sl -f 2009 --concurrency 20' returned non-zero exit status 1.
2025-05-11 17:10:51,brandless.com,Command 'ruby bin/wayback_machine_downloader http://brandless.com -sl -f 2009 --concurrency 20' returned non-zero exit status 1.
2025-05-11 17:10:52,sixpackbags.com,Command 'ruby bin/wayback_machine_downloader http://sixpackbags.com -sl -f 2009 --concurrency 20' returned non-zero exit status 1.
2025-05-11 17:10:52,pgestore.com,Command 'ruby bin/wayback_machine_downloader http://pgestore.com -sl -f 2009 --concurrency 20' returned non-zero exit status 1.
2025-05-11 17:10:53,foryourlegs.com,Command 'ruby bin/wayback_machine_downloader http://foryourlegs.com -sl -f 2009 --concurrency 20' returned non-zero exit status 1.
2025-05-11 17:10:53,officefurniture2go.com,Command 'ruby bin/wayback_machine_downloader http://officefurniture2go.com -sl -f 2009 --concurrency 20' returned non-zero exit status 1.
2025-05-11 17:10:54,ghostbed.com,Command 'ruby bin/wayback_machine_downloader http://ghostbed.com -sl -f 2009 --concurrency 20' returned non-zero exit status 1.
2025-05-11 17:10:54,store.cyberweld.com,Command 'ruby bin/wayback_machine_downloader http://store.cyberweld.com -sl -f 2009 --concurrency 20' returned non-zero exit status 1.
2025-05-11 17:10:55,sneakerhead.com,Command 'ruby bin/wayback_machine_downloader http://sneakerhead.com -sl -f 2009 --concurrency 20' returned non-zero exit status 1.
2025-05-11 17:10:55,thetileapp.com,Command 'ruby bin/wayback_machine_downloader http://thetileapp.com -sl -f 2009 --concurrency 20' returned non-zero exit status 1.
2025-05-11 17:10:55,hobbyexpress.com,Command 'ruby bin/wayback_machine_downloader http://hobbyexpress.com -sl -f 2009 --concurrency 20' returned non-zero exit status 1.
2025-05-11 17:10:56,domyown.com,Command 'ruby bin/wayback_machine_downloader http://domyown.com -sl -f 2009 --concurrency 20' returned non-zero exit status 1.
2025-05-11 17:10:56,discountbodyparts.com,Command 'ruby bin/wayback_machine_downloader http://discountbodyparts.com -sl -f 2009 --concurrency 20' returned non-zero exit status 1.
2025-05-11 17:10:57,factoryauthorizedoutlet.com,Command 'ruby bin/wayback_machine_downloader http://factoryauthorizedoutlet.com -sl -f 2009 --concurrency 20' returned non-zero exit status 1.
2025-05-11 17:10:57,americansignaturefurniture.com,Command 'ruby bin/wayback_machine_downloader http://americansignaturefurniture.com -sl -f 2009 --concurrency 20' returned non-zero exit status 1.
2025-05-11 17:10:58,aliengearholsters.com,Command 'ruby bin/wayback_machine_downloader http://aliengearholsters.com -sl -f 2009 --concurrency 20' returned non-zero exit status 1.
2025-05-11 17:10:58,good360.org,Command 'ruby bin/wayback_machine_downloader http://good360.org -sl -f 2009 --concurrency 20' returned non-zero exit status 1.
2025-05-11 17:10:59,bluemercury.com,Command 'ruby bin/wayback_machine_downloader http://bluemercury.com -sl -f 2009 --concurrency 20' returned non-zero exit status 1.
2025-05-11 17:10:59,bobswatches.com,Command 'ruby bin/wayback_machine_downloader http://bobswatches.com -sl -f 2009 --concurrency 20' returned non-zero exit status 1.
2025-05-11 17:11:00,halegroves.com,Command 'ruby bin/wayback_machine_downloader http://halegroves.com -sl -f 2009 --concurrency 20' returned non-zero exit status 1.
2025-05-11 17:11:01,skygeek.com,Command 'ruby bin/wayback_machine_downloader http://skygeek.com -sl -f 2009 --concurrency 20' returned non-zero exit status 1.
